n_estimators,max_depth,learning_rate,subsample,colsample_bytree,roc_auc,pr_auc,f1,precision,recall
300,6,0.1,0.8,0.8,0.999785035451257,0.9941557944136357,0.9566356081591538,0.9176288709599497,0.9991057808637105
150,6,0.1,0.8,0.8,0.9997706219471232,0.9937782633287712,0.9538531028079597,0.9119961612284069,0.9997369943716795
300,6,0.05,0.8,0.8,0.9997669513363354,0.9936523250548791,0.9540206806545528,0.9123025968415495,0.9997369943716795
300,4,0.1,0.8,0.8,0.9997547113453105,0.9933168231196398,0.9535875564475664,0.9115545110077222,0.9996843932460154
150,6,0.05,0.8,0.8,0.9997254299939661,0.992453913926057,0.9530208072198546,0.9103884285645865,0.9998421966230078
300,4,0.05,0.8,0.8,0.999723309134235,0.9924563689110796,0.9527819548872181,0.909952606635071,0.9998421966230078
150,4,0.1,0.8,0.8,0.9997220946115948,0.9924267199748155,0.9527819548872181,0.909952606635071,0.9998421966230078
150,4,0.05,0.8,0.8,0.9996217407681064,0.9893532950091046,0.9507778500325146,0.906346859949454,0.9997895954973437