n_estimators,max_samples,contamination,roc_auc,pr_auc,f1,precision,recall
400,0.8,0.05,0.9933364584528332,0.7971687565142425,0.7718693200354196,0.6928837384428733,0.8711798432486455
400,0.8,0.1,0.9933364584528332,0.7971687565142425,0.5690467994672015,0.39766974856712545,1.0
200,0.8,0.1,0.9930521628694262,0.7903047187676088,0.5690467994672015,0.39766974856712545,1.0
200,0.8,0.05,0.9930521628694262,0.7903047187676088,0.7645523605350235,0.6863155252478769,0.8629214665193835
200,auto,0.05,0.9411215153513752,0.2861040962177397,0.4009320750320401,0.3598979250334672,0.45252748408815946
200,auto,0.1,0.9411215153513752,0.2861040962177397,0.4769145576724486,0.3332845249550266,0.8380937352059334
400,auto,0.1,0.9381048235948182,0.26886530722062824,0.4772737476989389,0.3335355394720328,0.8387249487139025
400,auto,0.05,0.9381048235948182,0.26886530722062824,0.3644498298923428,0.32715558716479104,0.41134080269317763
